/*
 Navicat Premium Data Transfer

 Source Server         : 158.132.8.53
 Source Server Type    : MySQL
 Source Server Version : 50552
 Source Host           : 158.132.8.53
 Source Database       : dma

 Target Server Type    : MySQL
 Target Server Version : 50552
 File Encoding         : utf-8

 Date: 05/05/2017 01:38:09 AM
*/

SET NAMES utf8;
SET FOREIGN_KEY_CHECKS = 0;

-- ----------------------------
--  Table structure for `EXERCISE_TYPE`
-- ----------------------------
DROP TABLE IF EXISTS `EXERCISE_TYPE`;
CREATE TABLE `EXERCISE_TYPE` (
  `EXERCISE_TYPE_ID` int(1) NOT NULL,
  `EXERCISE_TYPE_NAME` mediumtext CHARACTER SET utf8 COLLATE utf8_unicode_ci NOT NULL,
  PRIMARY KEY (`EXERCISE_TYPE_ID`)
) ENGINE=InnoDB DEFAULT CHARSET=utf8;

-- ----------------------------
--  Records of `EXERCISE_TYPE`
-- ----------------------------
BEGIN;
INSERT INTO `EXERCISE_TYPE` VALUES ('1', '低等強度'), ('2', '中等強度'), ('3', '劇烈活動');
COMMIT;

-- ----------------------------
--  Table structure for `FOOD`
-- ----------------------------
DROP TABLE IF EXISTS `FOOD`;
CREATE TABLE `FOOD` (
  `FOOD_ID` int(6) NOT NULL AUTO_INCREMENT,
  `FOOD_NAME` mediumtext CHARACTER SET utf8 COLLATE utf8_unicode_ci NOT NULL,
  `FOOD_UNIT` mediumtext CHARACTER SET utf8 COLLATE utf8_unicode_ci NOT NULL,
  `FOOD_GRAM` double DEFAULT NULL,
  `FOOD_CALORIE` double DEFAULT NULL,
  `FOOD_CARBOHYDRATE` double DEFAULT NULL,
  `FOOD_PROTEIN` double DEFAULT NULL,
  `FOOD_FAT` double DEFAULT NULL,
  `FOOD_SUGAR` double DEFAULT NULL,
  `FOOD_FIBER` double DEFAULT NULL,
  `FOOD_CHOLESTEROL` double DEFAULT NULL,
  `FOOD_SODIUM` double DEFAULT NULL,
  `FOOD_SUB_CATE_ID` int(3) DEFAULT NULL,
  `PHOTO_PATH` text,
  PRIMARY KEY (`FOOD_ID`),
  UNIQUE KEY `FOOD_ID` (`FOOD_ID`)
) ENGINE=InnoDB AUTO_INCREMENT=407 DEFAULT CHARSET=utf8;

-- ----------------------------
--  Records of `FOOD`
-- ----------------------------
BEGIN;
INSERT INTO `FOOD` VALUES ('1', '上素蒸粉果', '件', '43', '47.3', '7.74', '0.602', '1.462', '0.989', '1.462', '0', '154.8', '15', 'food_1'), ('2', '叉燒包', '個', '55', '143', '23.1', '4.015', '4.015', '7.7', '0.88', '9.35', '159.5', '16', 'food_2'), ('3', '叉燒腸粉', '條', '75', '105', '12.75', '3.825', '4.275', '1.5', '0.975', '3.75', '307.5', '17', 'food_3'), ('4', '叉燒酥', '件', '39', '167.7', '12.87', '3.354', '11.31', '2.379', '0.624', '31.59', '124.8', '18', 'food_4'), ('5', '咖喱蒸魷魚', '份', '198', '192.06', '6.93', '21.78', '8.514', '3.96', '1.98', '415.8', '1267.2', '15', 'food_5'), ('6', '大包', '個', '234', '514.8', '67.86', '18.486', '19.188', '21.762', '7.02', '79.56', '702', '16', 'food_6'), ('7', '奶皇包', '個', '47', '117.5', '20.68', '2.021', '3.008', '13.16', '0.893', '12.22', '47', '16', 'food_7'), ('8', '小籠包', '個', '37', '85.1', '5.92', '3.33', '5.18', '0.592', '0.37', '9.99', '144.3', '16', 'food_8'), ('9', '山竹牛肉', '件', '49', '88.2', '2.891', '4.165', '6.86', '0.931', '1.568', '11.27', '254.8', '15', 'food_9'), ('10', '春卷', '件', '35', '112', '8.75', '3.185', '7.35', '0.91', '0.595', '11.55', '175', '19', 'food_10'), ('11', '柱侯金錢肚', '份', '154', '200.2', '7.084', '21.56', '10.01', '6.006', '4.312', '184.8', '924', '15', 'food_11'), ('12', '棉花雞', '份', '152', '212.8', '2.888', '18.24', '14.136', '3.344', '2.432', '51.68', '972.8', '15', 'food_12'), ('13', '潮州粉果', '件', '61', '91.5', '12.2', '1.891', '3.477', '1.22', '0.976', '3.843', '219.6', '15', 'food_13'), ('14', '灌湯餃', '件', '229', '123.66', '8.931', '11.908', '4.58', '1.9007', '4.122', '32.06', '938.9', '15', 'food_14'), ('15', '炸饅頭', '件', '66', '277.2', '31.68', '3.234', '15.18', '3.564', '1.188', '1.386', '44.22', '19', 'food_15'), ('16', '煎腐皮卷', '件', '44', '136.4', '1.804', '6.16', '11.44', '0.748', '0.792', '30.8', '228.8', '20', 'food_16'), ('17', '煎腸粉', '條', '57', '79.8', '13.11', '1.14', '2.508', '1.14', '0.798', '1.596', '108.3', '17', 'food_17'), ('18', '煎芋頭糕', '件', '77', '123.2', '15.4', '2.464', '5.698', '1.771', '3.157', '5.159', '354.2', '20', 'food_18'), ('19', '煎蘿蔔糕', '件', '84', '109.2', '13.44', '2.688', '4.788', '2.688', '2.268', '7.392', '453.6', '20', 'food_19'), ('20', '煎馬蹄糕', '件', '78', '109.2', '24.18', '0.1248', '1.326', '14.82', '0.78', '0', '9.36', '20', 'food_20'), ('21', '燒賣', '件', '29', '58', '2.9', '3.19', '3.77', '0.609', '0.348', '21.75', '162.4', '15', 'food_21'), ('22', '牛肉腸粉', '條', '80', '80', '12', '2.24', '2.8', '0.384', '0', '1.76', '120', '17', 'food_22'), ('23', '珍珠雞', '件', '96', '211.2', '29.76', '6.144', '7.008', '1.92', '0.96', '26.88', '422.4', '15', 'food_23'), ('24', '生煎菜肉包', '個', '58', '150.8', '17.4', '3.712', '7.54', '3.248', '2.146', '6.96', '185.6', '16', 'food_24'), ('25', '糯米卷', '件', '97', '252.2', '44.62', '4.947', '6.305', '5.723', '1.649', '3.007', '358.9', '15', 'food_25'), ('26', '糯米雞', '件', '339', '711.9', '101.7', '25.764', '22.713', '6.102', '4.068', '54.24', '1423.8', '15', 'food_26'), ('27', '芋角', '件', '40', '144', '10', '1.88', '10.8', '0.8', '0.68', '4.8', '148', '19', 'food_27'), ('28', '菜肉包', '個', '79', '181.7', '27.65', '4.661', '6.241', '6.32', '1.975', '8.69', '221.2', '16', 'food_28'), ('29', '蒜茸蒸魷魚', '份', '139', '152.9', '4.309', '19.46', '6.394', '2.502', '1.807', '361.4', '834', '15', 'food_29'), ('30', '蒸帶子腸粉', '條', '70', '70', '11.2', '3.01', '1.61', '0.203', '0', '2.03', '112', '17', 'food_30'), ('31', '蒸羅漢齋腸粉', '條', '76', '69.16', '10.64', '1.596', '2.128', '0.5852', '1.976', '0', '144.4', '17', 'food_31'), ('32', '蒸蘿蔔糕', '份', '174', '151.38', '19.14', '4.002', '6.264', '3.654', '3.654', '5.394', '748.2', '15', 'food_32'), ('33', '薑葱牛柏葉', '份', '165', '151.8', '2.475', '19.8', '6.93', '3.3', '3.3', '165', '891', '15', 'food_33'), ('34', '蘿蔔絲酥餅', '件', '71', '198.8', '17.04', '2.272', '13.49', '3.195', '1.136', '5.112', '227.2', '18', 'food_34'), ('35', '蛋黃蓮蓉包', '件', '55', '165', '28.6', '2.86', '4.455', '11.55', '1.54', '26.4', '35.75', '16', 'food_35'), ('36', '蝦餃', '件', '31', '49.6', '5.58', '2.077', '2.077', '0.465', '0', '21.39', '124', '15', 'food_36'), ('37', '蟹粉小籠包', '件', '36', '79.2', '5.76', '3.132', '5.04', '0.684', '0.432', '11.88', '136.8', '16', 'food_37'), ('38', '豉汁蒸排骨', '份', '116', '255.2', '7.308', '16.24', '17.4', '2.668', '0', '42.92', '661.2', '15', 'food_38'), ('39', '豉汁蒸魚雲', '份', '111', '177.6', '3.33', '11.1', '13.32', '2.997', '1.332', '122.1', '643.8', '15', 'food_39'), ('40', '豉汁蒸鳳爪', '份', '100', '190', '3.7', '15', '13', '3.3', '2', '61', '620', '15', 'food_40'), ('41', '腸粉', '條', '57', '62.7', '11.97', '0.741', '1.254', '0.3477', '0', '0', '108.3', '15', 'food_41'), ('42', '雞包仔', '個', '52', '114.4', '18.2', '3.9', '3.068', '5.72', '1.092', '13', '156', '16', 'food_42'), ('43', '雞扎', '份', '86', '146.2', '2.924', '10.32', '10.32', '1.892', '1.29', '31.82', '387', '15', 'food_43'), ('44', '雞絲粉卷', '份', '68', '102', '8.16', '3.944', '5.78', '1.156', '1.496', '7.48', '265.2', '17', 'food_44'), ('45', '馬拉糕', '份', '126', '352.8', '55.44', '8.568', '10.206', '21.42', '3.276', '70.56', '277.2', '15', 'food_45'), ('46', '鮮竹卷', '份', '56', '145.6', '1.848', '6.16', '12.32', '1.008', '1.12', '16.8', '246.4', '15', 'food_46'), ('47', '鮮蝦腸粉', '條', '74', '74', '12.58', '2.886', '1.628', '0.2738', '0', '15.54', '111', '17', 'food_47'), ('48', '鴨腳扎', '份', '74', '162.8', '7.4', '7.4', '11.1', '1.554', '1.332', '26.64', '310.8', '15', 'food_48'), ('49', '鹹水角', '件', '45', '148.5', '18.45', '2.34', '7.2', '4.005', '0.45', '6.75', '103.5', '19', 'food_49'), ('50', '可樂汽水(355毫升)', '罐', '368.33', '136.2821', '35.212348', '0.257831', '0.073666', '33.039201', '0', '14.7332', '0', '44', 'food_50'), ('51', '杏脯', '邊', '7', '16.87', '4.3848', '0.2373', '0.0357', '3.7408', '0.511', '0.7', '0', '13', 'food_51'), ('52', '橄欖油', '湯匙', '14', '126', '0', '0', '14', '0', '0', '0', '0', '46', 'food_52'), ('53', '水', '杯', '300', '0', '0', '0', '0', '0', '0', '3', '0', '45', 'food_53'), ('54', '灼菜心(少油, 加1茶匙油)', '碗', '130', '20.8', '0.364', '2.73', '0.91', '0.585', '2.08', '24.7', '0', '14', 'food_54'), ('55', '特濃咖啡', '杯', '66', '7.92', '1.122', '0.528', '0', '0', '0', '0', '0', '41', 'food_55'), ('56', '白粥', '碗', '200', '64', '11.6', '1.42', '1.38', '0', '0', '58', '0', '4', 'food_56'), ('57', '粟米油', '湯匙', '14', '126', '0', '0', '14', '0', '0', '0', '0', '46', 'food_57'), ('58', '芥花籽油', '湯匙', '14', '126', '0', '0', '14', '0', '0', '0', '0', '46', 'food_58'), ('59', '花生油', '湯匙', '14', '126', '0', '0', '14', '0', '0', '0', '0', '46', 'food_59'), ('60', '茶(237毫升)', '杯', '237', '2.37', '0.711', '0', '0', '0', '0', '7.11', '0', '41', 'food_60'), ('61', '西蘭花(烚熟)(中型, 長7.5-8吋)', '個', '180', '63', '12.924', '4.284', '0.738', '2.502', '5.94', '471.6', '0', '14', 'food_61'), ('62', '豆漿(無糖）', '杯', '333', '93.24', '2.9637', '7.992', '5.328', '2.4642', '0', '0', '0', '45', 'food_62'), ('63', '豬油', '湯匙', '12.8', '115.2', '0.0256', '0', '12.8', '0', '0', '0', '0', '46', 'food_63'), ('64', '香口膠(不含糖)', '塊', '2', '5.36', '1.896', '0', '0.008', '0', '0.048', '0.14', '0', '30', 'food_64'), ('65', '煎蛋', '件', '38', '72.2', '0.532', '5.32', '5.7', '0.0152', '0.76', '53.2', '0.0152', '35', 'food_65'), ('66', '皮蛋瘦肉粥', '碗', '200', '104', '8', '6.8', '5', '0.2', '0', '560', '0.2', '4', 'food_66'), ('67', '麥當勞薯條(中)', '包', '117', '319.41', '32.292', '4.68', '18.135', '0.117', '4.563', '193.05', '0.117', '27', 'food_67'), ('68', '麥當勞薯條(大)', '包', '154', '420.42', '42.504', '6.16', '23.87', '0.154', '6.006', '254.1', '0.154', '27', 'food_68'), ('69', '麥當勞薯條(小)', '包', '71', '193.83', '19.596', '2.84', '11.005', '0.071', '2.769', '117.15', '0.071', '27', 'food_69'), ('70', '墨魚丸湯米粉', '碗', '140', '89.6', '14', '4.34', '1.54', '0.168', '0', '420', '0.168', '9', 'food_70'), ('71', '方魚肉碎湯飯', '碗', '200', '144', '20', '7.6', '4', '0.26', '0', '540', '0.26', '1', 'food_71'), ('72', '滑蛋蝦仁飯', '碗', '200', '240', '44', '8.6', '4.4', '0.26', '0', '360', '0.26', '2', 'food_72'), ('73', '鮮魚片湯米粉', '碗', '140', '93.8', '14', '5.32', '1.54', '0.196', '0', '322', '0.196', '9', 'food_73'), ('74', '瑤柱蛋白炒飯', '碗', '200', '360', '54', '12.4', '9.2', '0.36', '3.6', '600', '0.36', '3', 'food_74'), ('75', '柴魚花生粥', '碗', '200', '116', '8', '6.4', '6.6', '0.4', '3', '480', '0.4', '4', 'food_75'), ('76', '白灼通菜', '碗', '98', '14.7', '0.392', '1.666', '0.686', '0.196', '2.254', '46.06', '0.196', '14', 'food_76'), ('77', '鹹魚雞粒炒飯', '碗', '200', '380', '50', '14', '13.4', '0.42', '3.6', '660', '0.42', '3', 'food_77'), ('78', '臭豆腐', '件', '70', '105', '7.7', '11.9', '3.01', '0.154', '0.98', '266', '0.154', '27', 'food_78'), ('79', '冬瓜肉粒湯飯', '碗', '200', '162', '30', '7.8', '1.42', '0.46', '0', '420', '0.46', '1', 'food_79'), ('80', '魚片湯河粉', '碗', '140', '86.8', '15.4', '3.5', '1.008', '0.336', '0', '462', '0.336', '9', 'food_80'), ('81', '生炒雞絲飯', '碗', '200', '380', '46', '14.2', '16.4', '0.5', '5', '560', '0.5', '3', 'food_81'), ('82', '苦瓜', '條', '124', '9.176', '1.24', '0.868', '0', '0.3224', '2.728', '0', '0.3224', '14', 'food_82'), ('83', '鱆魚雞粒炒飯', '碗', '200', '380', '42', '16.6', '15.2', '0.54', '5.8', '580', '0.54', '3', 'food_83'), ('84', '生炒牛肉飯', '碗', '200', '380', '46', '13.4', '15.2', '0.56', '4.6', '660', '0.56', '3', 'food_84'), ('85', '魚皮餃湯河粉', '碗', '140', '107.8', '16.8', '3.36', '3.22', '0.434', '1.68', '364', '0.434', '9', 'food_85'), ('86', '白汁雞絲飯', '碟', '731', '1023.4', '146.2', '36.55', '31.433', '2.3392', '0', '1608.2', '2.3392', '2', 'food_86'), ('87', '燒肉飯', '碗', '200', '400', '46', '15.6', '17.2', '0.66', '0', '520', '0.66', '5', 'food_87'), ('88', '艇仔粥', '碗', '200', '128', '12.2', '5.8', '6.2', '0.66', '0', '560', '0.66', '4', 'food_88'), ('89', '墨魚丸湯河粉', '碗', '140', '93.8', '15.4', '3.22', '1.82', '0.476', '0', '406', '0.476', '9', 'food_89'), ('90', '時菜牛肉炒河粉', '碗', '140', '168', '23.8', '4.9', '6.44', '0.476', '2.66', '350', '0.476', '8', 'food_90'), ('91', '鹹肉粽', '件', '253', '455.4', '63.25', '14.421', '16.951', '0.8602', '4.301', '657.8', '0.8602', '25', 'food_91'), ('92', '魚片湯幼麵條', '碗', '160', '89.6', '11.36', '7.68', '1.488', '0.576', '0', '832', '0.576', '9', 'food_92'), ('93', '魚蛋湯米粉', '碗', '140', '81.2', '13.3', '4.9', '0.966', '0.504', '0', '364', '0.504', '9', 'food_93'), ('94', '及第粥', '碗', '200', '120', '10', '9', '5', '0.74', '0', '620', '0.74', '4', 'food_94'), ('95', '枝竹火腩飯', '碗', '200', '340', '32', '15', '16.2', '0.74', '5.2', '520', '0.74', '5', 'food_95'), ('96', '牛丸湯河粉', '碗', '140', '91', '15.4', '4.06', '1.386', '0.518', '0', '378', '0.518', '9', 'food_96'), ('97', '灼菜心(加1湯匙油)', '碗', '130', '28.6', '0.728', '2.6', '1.69', '0.494', '2.08', '26', '0.494', '14', 'food_97'), ('98', '灼菜心(不加油)', '碗', '130', '16.9', '0.221', '2.73', '0.52', '0.507', '2.08', '27.3', '0.507', '14', 'food_98'), ('99', '白切雞飯', '碗', '200', '340', '50', '12.8', '11', '0.8', '0', '540', '0.8', '5', 'food_99'), ('100', '魚蛋湯河粉', '碗', '140', '88.2', '15.4', '3.92', '0.938', '0.56', '0', '392', '0.56', '9', 'food_100'), ('101', '牛丸湯米粉', '碗', '140', '92.4', '15.4', '5.04', '1.386', '0.574', '0', '476', '0.574', '9', 'food_101'), ('102', '軟人造牛油', '湯匙', '14', '93.8', '0.182', '0', '10.5', '0.0574', '0', '72.8', '0.0574', '46', 'food_102'), ('103', '魚皮餃湯米粉', '碗', '140', '113.4', '15.4', '4.62', '3.64', '0.574', '1.54', '448', '0.574', '9', 'food_103'), ('104', '雜錦海鮮湯烏冬', '碗', '160', '92.8', '12.96', '7.04', '1.44', '0.688', '0', '464', '0.688', '9', 'food_104'), ('105', '雲吞湯河粉', '碗', '140', '109.2', '18.2', '3.92', '2.52', '0.602', '0', '364', '0.602', '9', 'food_105'), ('106', '炒菜心', '碗', '130', '91', '0.442', '3.25', '8.58', '0.572', '2.08', '42.9', '0.572', '14', 'food_106'), ('107', '牛筋湯河粉', '碗', '140', '109.2', '14', '9.38', '1.82', '0.616', '1.54', '434', '0.616', '9', 'food_107'), ('108', '雲吞湯米粉', '碗', '140', '99.4', '15.4', '4.62', '2.24', '0.63', '0', '406', '0.63', '9', 'food_108'), ('109', '雪菜肉絲湯米粉', '碗', '140', '110.6', '18.2', '4.2', '2.38', '0.644', '1.82', '504', '0.644', '9', 'food_109'), ('110', '魚皮餃湯幼麵條', '碗', '160', '110.4', '12.48', '7.04', '3.68', '0.736', '0', '656', '0.736', '9', 'food_110'), ('111', '魚蛋湯粗麵條', '碗', '160', '88', '11.68', '7.68', '1.248', '0.736', '0', '656', '0.736', '9', 'food_111'), ('112', '時菜肉片飯', '碗', '200', '240', '40', '9.2', '4.6', '0.94', '0', '400', '0.94', '2', 'food_112'), ('113', '魚皮餃湯粗麵條', '碗', '160', '129.6', '11.84', '8', '5.6', '0.752', '2.08', '736', '0.752', '9', 'food_113'), ('114', '時菜肉片炒麵', '碗', '160', '256', '24', '11.04', '12.8', '0.768', '2.56', '560', '0.768', '8', 'food_114'), ('115', '貢丸湯米粉', '碗', '140', '96.6', '14', '4.62', '2.24', '0.672', '1.54', '462', '0.672', '9', 'food_115'), ('116', '福建炒飯', '碗', '200', '280', '38', '12', '9.4', '0.98', '3.6', '640', '0.98', '3', 'food_116'), ('117', '火腿通粉', '碗', '165', '132', '21.45', '7.095', '1.815', '0.825', '1.98', '495', '0.825', '9', 'food_117'), ('118', '魚片湯米粉', '碗', '140', '85.4', '14', '4.34', '1.092', '0.714', '0', '490', '0.714', '9', 'food_118'), ('119', '午餐肉蛋即食麵', '碗', '160', '224', '19.2', '7.84', '13.44', '0.832', '0', '640', '0.832', '12', 'food_119'), ('120', '牛丸湯幼麵條', '碗', '160', '100.8', '11.84', '8.48', '2.08', '0.848', '0', '704', '0.848', '9', 'food_120'), ('121', '牛丸湯粗麵條', '碗', '160', '100.8', '11.68', '8.32', '2.24', '0.848', '0', '736', '0.848', '9', 'food_121'), ('122', '貢丸湯河粉', '碗', '140', '103.6', '15.4', '3.92', '3.08', '0.742', '1.96', '434', '0.742', '9', 'food_122'), ('123', '揚州炒飯', '碟', '508', '965.2', '127', '35.56', '36.576', '2.794', '0', '1676.4', '2.794', '3', 'food_123'), ('124', '魚蛋湯幼麵條', '碗', '160', '88', '11.52', '7.68', '1.296', '0.896', '0', '656', '0.896', '9', 'food_124'), ('125', '水餃湯粗麵條', '碗', '160', '105.6', '12.96', '7.68', '2.56', '0.912', '0', '704', '0.912', '9', 'food_125'), ('126', '魚片湯粗麵條', '碗', '160', '88', '11.52', '7.36', '1.408', '0.928', '0', '800', '0.928', '9', 'food_126'), ('127', '牛油', '湯匙', '14', '103.6', '0.154', '0.07', '11.34', '0.0826', '0', '82.6', '0.0826', '46', 'food_127'), ('128', '墨魚丸湯粗麵條', '碗', '160', '92.8', '11.2', '7.2', '2.08', '0.976', '0', '752', '0.976', '9', 'food_128'), ('129', '時菜牛肉炒麵', '碗', '160', '256', '24', '11.52', '13.28', '0.976', '3.52', '656', '0.976', '8', 'food_129'), ('130', '炒米粉', '碗', '140', '224', '36.4', '5.18', '6.58', '0.854', '1.82', '546', '0.854', '8', 'food_130'), ('131', '時菜排骨炒麵', '碗', '160', '304', '25.6', '12.96', '17.6', '0.992', '1.76', '592', '0.992', '8', 'food_131'), ('132', '時菜牛肉飯', '碗', '200', '220', '38', '9.8', '3.2', '1.24', '0', '520', '1.24', '2', 'food_132'), ('133', '牛雜湯粗麵條', '碗', '160', '116.8', '10.88', '10.24', '3.52', '0.992', '0', '800', '0.992', '9', 'food_133'), ('134', '肉絲炒麵', '碟', '591', '945.6', '88.65', '34.869', '52.599', '3.7233', '7.683', '2304.9', '3.7233', '8', 'food_134'), ('135', '牛筋湯幼麵條', '碗', '160', '116.8', '9.12', '14.4', '2.4', '1.04', '1.92', '816', '1.04', '9', 'food_135'), ('136', '貢丸湯粗麵條', '碗', '160', '99.2', '10.24', '7.36', '3.2', '1.04', '2.4', '672', '1.04', '9', 'food_136'), ('137', '墨魚丸湯幼麵條', '碗', '160', '94.4', '11.52', '7.36', '2.08', '1.056', '0', '768', '1.056', '9', 'food_137'), ('138', '粟米肉粒飯', '碗', '200', '240', '42', '10.4', '4.6', '1.32', '2', '420', '1.32', '2', 'food_138'), ('139', '豉油雞飯', '碗', '200', '360', '50', '12.8', '11.4', '1.32', '0', '500', '1.32', '5', 'food_139'), ('140', '牛筋湯粗麵條', '碗', '160', '115.2', '8.96', '14.08', '2.56', '1.088', '1.92', '800', '1.088', '9', 'food_140'), ('141', '腸仔', '條', '35', '94.5', '1.715', '4.9', '7.35', '0.238', '0', '308', '0.238', '36', 'food_141'), ('142', '貢丸湯幼麵條', '碗', '160', '105.6', '10.24', '7.2', '4', '1.088', '2.88', '704', '1.088', '9', 'food_142'), ('143', '土魷蒸肉餅飯', '碗', '200', '420', '44', '15.4', '19.2', '1.4', '0', '480', '1.4', '7', 'food_143'), ('144', '牛肚湯粗麵條', '碗', '160', '97.6', '11.2', '9.6', '1.6', '1.12', '0', '768', '1.12', '9', 'food_144'), ('145', '雲吞湯粗麵條', '碗', '160', '107.2', '12', '8.48', '2.88', '1.12', '0', '736', '1.12', '9', 'food_145'), ('146', '牛筋湯米粉', '碗', '140', '112', '12.74', '10.92', '1.82', '0.994', '0', '504', '0.994', '9', 'food_146'), ('147', '牛腩湯幼麵條', '碗', '160', '129.6', '9.92', '12.64', '4.32', '1.136', '2.24', '784', '1.136', '9', 'food_147'), ('148', '乾炒牛肉河粉', '碗', '140', '196', '28', '5.6', '7.14', '1.008', '3.08', '490', '1.008', '9', 'food_148'), ('149', '雪菜燒鴨絲炆米粉', '碗', '140', '182', '21', '6.72', '7.42', '1.008', '3.5', '560', '1.008', '10', 'food_149'), ('150', '牛腩湯河粉', '碗', '140', '120.4', '14', '7.84', '3.64', '1.022', '2.66', '378', '1.022', '9', 'food_150'), ('151', '牛腩湯米粉', '碗', '140', '114.8', '12.46', '9.8', '2.94', '1.022', '1.68', '378', '1.022', '9', 'food_151'), ('152', '雲吞湯幼麵條', '碗', '160', '113.6', '12', '8.32', '3.52', '1.168', '0', '736', '1.168', '9', 'food_152'), ('153', '牛腩湯粗麵條', '碗', '160', '126.4', '10.56', '12', '4', '1.184', '2.08', '768', '1.184', '9', 'food_153'), ('154', '雪菜肉絲炆米粉', '碗', '140', '154', '21', '5.88', '5.6', '1.036', '2.94', '546', '1.036', '10', 'food_154'), ('155', '馬鈴薯(中型)', '個', '213', '132.06', '27.69', '4.26', '0', '1.6188', '2.556', '0', '1.6188', '14', 'food_155'), ('156', '海鮮炒烏冬', '碗', '160', '176', '24', '9.44', '4.64', '1.264', '3.68', '592', '1.264', '8', 'food_156'), ('157', '燜蘿蔔牛腩飯', '碗', '200', '240', '34', '15', '5.4', '1.58', '3', '520', '1.58', '2', 'food_157'), ('158', '豬扒炒即食麵', '碗', '160', '352', '28.8', '14.24', '20.8', '1.264', '1.92', '768', '1.264', '12', 'food_158'), ('159', '檸檬茶', '杯', '344', '51.6', '10.32', '0', '0', '2.752', '0', '0', '2.752', '41', 'food_159'), ('160', '涼瓜牛肉炒麵', '碗', '160', '272', '24', '10.24', '15.52', '1.28', '3.68', '720', '1.28', '8', 'food_160'), ('161', '涼瓜肉片炒麵', '碗', '160', '272', '24', '10.4', '14.88', '1.296', '4.48', '656', '1.296', '8', 'food_161'), ('162', '豉椒牛肉炒麵', '碗', '160', '272', '27.2', '10.56', '13.92', '1.328', '1.92', '672', '1.328', '8', 'food_162'), ('163', '蒸鯇魚飯', '碗', '200', '280', '36', '16.8', '8.2', '1.7', '0', '500', '1.7', '7', 'food_163'), ('164', '豉椒魷魚炒麵', '碗', '160', '256', '25.6', '10.72', '12.32', '1.36', '2.24', '624', '1.36', '8', 'food_164'), ('165', '炒貴刁', '碗', '140', '224', '30.8', '5.88', '8.4', '1.204', '1.4', '490', '1.204', '8', 'food_165'), ('166', '油炸鬼', '件', '110', '506', '39.6', '9.46', '35.2', '1.012', '1.43', '748', '1.012', '27', 'food_166'), ('167', '乾燒伊麵', '碗', '160', '304', '28.8', '8', '17.6', '1.504', '2.72', '672', '1.504', '9', 'food_167'), ('168', '豉油皇炒麵', '碗', '160', '256', '36.8', '9.28', '8.32', '1.504', '2.56', '816', '1.504', '8', 'food_168'), ('169', '星州炒米粉', '碗', '140', '224', '21', '8.82', '11.76', '1.33', '5.04', '490', '1.33', '8', 'food_169'), ('170', '腐乳醬', '湯匙', '18', '25.2', '0.342', '1.53', '1.8', '0.1782', '0', '378', '0.1782', '47', 'food_170'), ('171', '白灼生菜', '碗', '150', '36', '0.9', '1.305', '3', '1.5', '2.85', '34.5', '1.5', '14', 'food_171'), ('172', '薑蓉', '湯匙', '18', '84.6', '0.936', '0.306', '9', '0.18', '0.216', '360', '0.18', '47', 'food_172'), ('173', '豉椒肉片炒麵', '碗', '160', '272', '25.6', '10.72', '13.92', '1.6', '2.08', '672', '1.6', '8', 'food_173'), ('174', '魚香茄子飯', '碗', '200', '300', '38', '7', '11.8', '2', '0', '500', '2', '2', 'food_174'), ('175', '冬菇蒸雞飯', '碗', '200', '320', '46', '12.2', '8.8', '2.2', '3.2', '560', '2.2', '7', 'food_175'), ('176', '沙爹牛肉即食麵', '碗', '160', '192', '19.2', '9.28', '8.8', '1.76', '0', '704', '1.76', '12', 'food_176'), ('177', '炸兩', '條', '57', '131.1', '15.39', '2.28', '6.84', '0.627', '0', '273.6', '0.627', '19', 'food_177'), ('178', '豉椒排骨炒麵', '碗', '160', '352', '27.2', '12.16', '20.8', '1.76', '2.08', '656', '1.76', '8', 'food_178'), ('179', '豉汁鳳爪排骨飯', '碗', '200', '360', '56', '10.6', '10.8', '2.2', '0', '520', '2.2', '7', 'food_179'), ('180', '五香肉丁即食麵', '碗', '160', '240', '20.8', '10.56', '13.12', '1.92', '1.6', '736', '1.92', '12', 'food_180'), ('181', '麻香拌海蜇', '份', '288', '224.64', '1.728', '12.96', '18.432', '3.456', '4.608', '2246.4', '3.456', '28', 'food_181'), ('182', '叉燒飯', '碗', '200', '400', '52', '14.6', '14.2', '2.6', '0', '500', '2.6', '5', 'food_182'), ('183', '菠蘿雞粒炒飯', '碗', '200', '380', '46', '12.4', '15.6', '2.6', '4.2', '580', '2.6', '3', 'food_183'), ('184', '焗豬扒飯', '碗', '200', '380', '40', '14.8', '17.6', '2.8', '2', '640', '2.8', '6', 'food_184'), ('185', '青瓜(不連皮，切片)', '碗', '120', '13.2', '2.28', '0.84', '0', '1.68', '0', '0', '1.68', '14', 'food_185'), ('186', '青瓜(連皮，切片)', '碗', '104', '12.48', '1.872', '0.728', '0', '1.456', '0', '0', '1.456', '14', 'food_186'), ('187', '味菜魷魚炒麵', '碗', '160', '224', '22.4', '8.8', '11.84', '2.4', '3.68', '608', '2.4', '8', 'food_187'), ('188', '午餐肉蛋三文治(2片麵包)', '份', '384', '998.4', '61.44', '42.24', '65.28', '6.144', '6.528', '1651.2', '6.144', '21', 'food_188'), ('189', '咖喱牛腩飯', '碗', '200', '320', '36', '15.4', '12.6', '3.2', '0', '580', '3.2', '2', 'food_189'), ('190', '甜椒(中型)', '個', '119', '19.04', '3.451', '0.952', '0', '1.904', '1.904', '0', '1.904', '14', 'food_190'), ('191', '西炒飯', '碗', '200', '360', '46', '11.8', '14.8', '3.2', '4.4', '600', '3.2', '3', 'food_191'), ('192', '青檸', '個', '67', '20.1', '7.0618', '0.469', '0.134', '1.1323', '1.876', '1.34', '1.1323', '13', 'food_192'), ('193', '味菜肉片炒麵', '碗', '160', '256', '24', '9.28', '13.76', '2.72', '3.84', '608', '2.72', '8', 'food_193'), ('194', '沙爹牛肉飯', '碗', '200', '240', '40', '9.4', '5', '3.4', '0', '640', '3.4', '2', 'food_194'), ('195', '燒鵝飯', '碗', '200', '380', '52', '13.4', '13.6', '3.4', '0', '340', '3.4', '5', 'food_195'), ('196', '牛肉蛋三文治(2片麵包)', '份', '324', '810', '64.8', '35.64', '45.36', '5.508', '5.832', '1328.4', '5.508', '21', 'food_196'), ('197', '味菜排骨炒麵', '碗', '160', '288', '24', '10.72', '16', '3.04', '3.52', '736', '3.04', '8', 'food_197'), ('198', '茅屋芝士(忌廉狀)', '杯', '226', '273.46', '4.294', '34.804', '12.882', '4.294', '0', '626.02', '4.294', '38', 'food_198'), ('199', '鴛鴦炒飯', '碗', '200', '260', '34', '9.4', '9', '3.8', '4', '560', '3.8', '3', 'food_199'), ('200', '港式咖啡(不加糖)', '杯', '226', '92.66', '7.232', '4.294', '5.198', '4.52', '0', '72.32', '4.52', '41', 'food_200'), ('201', '焗肉醬意粉', '碟', '588', '823.2', '94.08', '45.276', '32.34', '11.76', '9.996', '2410.8', '11.76', '11', 'food_201'), ('202', '火腿', '件', '20', '26', '1.7', '2.6', '0.96', '0.42', '0', '188', '0.42', '36', 'food_202'), ('203', '檸檬咖啡', '杯', '175', '31.5', '6.65', '0.7', '0', '3.85', '0', '0', '3.85', '41', 'food_203'), ('204', '煎茄子', '碗', '100', '220', '2.7', '0.8', '23', '2.2', '2.6', '0', '2.2', '14', 'food_204'), ('205', '絲瓜(不連皮)', '條', '178', '28.48', '4.984', '1.424', '0', '4.094', '0', '0', '4.094', '14', 'food_205'), ('206', '泡沫咖啡', '杯', '186', '72.54', '5.394', '3.906', '4.092', '4.464', '0', '48.36', '4.464', '41', 'food_206'), ('207', '番茄', '個', '111', '17.76', '2.886', '0.777', '0', '2.664', '1.443', '0', '2.664', '14', 'food_207'), ('208', '番茄蛋三文治(2片麵包)', '份', '342', '649.8', '54.72', '28.386', '34.2', '8.208', '5.472', '752.4', '8.208', '21', 'food_208'), ('209', '鮮茄牛肉配炒飯', '碗', '200', '280', '40', '10.4', '9.8', '4.8', '4.2', '600', '4.8', '3', 'food_209'), ('210', '鹼水粽', '件', '244', '390.4', '82.96', '6.344', '3.416', '5.856', '0', '56.12', '5.856', '25', 'food_210'), ('211', '忌廉芝士', '湯匙', '14.5', '47.125', '0.3625', '1.189', '4.6255', '0.3625', '0', '48.72', '0.3625', '38', 'food_211'), ('212', '檸檬(去皮)', '個', '58', '16.82', '5.4056', '0.638', '0.174', '1.45', '1.624', '1.16', '1.45', '13', 'food_212'), ('213', '火腿蛋三文治(2片麵包)', '份', '306', '734.4', '64.26', '33.66', '36.72', '7.65', '4.59', '1346.4', '7.65', '21', 'food_213'), ('214', '茄子(大, 去皮)', '條', '458', '82.44', '13.74', '4.58', '0', '11.45', '11.908', '0', '11.45', '14', 'food_214'), ('215', '鮮茄牛肉飯', '碗', '200', '240', '42', '9.2', '3.6', '5.2', '0', '400', '5.2', '2', 'food_215'), ('216', '鹹牛肉三文治(2片麵包)', '份', '226', '565', '58.76', '21.922', '27.12', '5.876', '3.842', '1378.6', '5.876', '21', 'food_216'), ('217', '芝士火腿三文治(2片麵包)', '份', '220', '572', '63.8', '24.2', '24.2', '5.94', '3.08', '1628', '5.94', '21', 'food_217'), ('218', '港式奶茶(不加糖)', '杯', '223', '98.12', '6.913', '4.906', '5.798', '6.244', '2.453', '84.74', '6.244', '41', 'food_218'), ('219', '蛋沙律三文治(2片麵包)', '件', '195', '390', '39', '16.38', '18.72', '5.46', '3.315', '741', '5.46', '21', 'food_219'), ('220', '印度薄餅', '件', '135', '432', '66.15', '11.07', '13.23', '4.185', '3.24', '499.5', '4.185', '24', 'food_220'), ('221', '咖喱魚蛋', '粒', '10', '13', '1.6', '0.87', '0.28', '0.33', '0.13', '95', '0.33', '28', 'food_221'), ('222', '唂咕', '杯', '233', '97.86', '8.388', '4.893', '5.126', '8.155', '3.029', '58.25', '8.155', '41', 'food_222'), ('223', '葱油餅', '件', '157', '565.2', '59.66', '8.792', '32.97', '5.495', '2.826', '549.5', '5.495', '25', 'food_223'), ('224', '鮮榨甘筍汁', '杯', '240', '64.8', '13.2', '1.68', '0', '8.64', '0', '180', '8.64', '43', 'food_224'), ('225', '杏仁霜(不加糖）', '杯', '220', '99', '13.64', '3.08', '3.74', '8.14', '0', '50.6', '8.14', '41', 'food_225'), ('226', '凍珍珠奶茶(少甜)', '杯', '346', '190.3', '30.102', '0', '7.612', '13.148', '0', '65.74', '13.148', '42', 'food_226'), ('227', '咖喱酥皮卷', '件', '70', '280', '21.7', '6.02', '18.2', '2.66', '1.33', '385', '2.66', '26', 'food_227'), ('228', '凍珍珠綠茶(少甜)', '杯', '346', '100.34', '24.566', '0', '0', '13.494', '0', '0', '13.494', '42', 'food_228'), ('229', '牛奶麥皮', '碗', '220', '140.8', '21.34', '4.18', '4.18', '8.58', '0', '37.4', '8.58', '40', 'food_229'), ('230', '芝士漢堡包', '個', '254', '609.6', '50.8', '33.02', '30.48', '9.906', '3.048', '1270', '9.906', '22', 'food_230'), ('231', '魚柳包', '個', '143', '400.4', '38.61', '15.73', '20.02', '5.72', '2.002', '600.6', '5.72', '22', 'food_231'), ('232', '廈門炒米粉', '碗', '140', '224', '28', '7.98', '8.96', '5.74', '2.94', '476', '5.74', '8', 'food_232'), ('233', '麥方包', '片', '47', '122.2', '19.74', '4.7', '2.444', '1.927', '2.162', '188', '1.927', '22', 'food_233'), ('234', '全脂奶', '杯', '257', '164.48', '12.079', '7.967', '9.509', '10.794', '0', '102.8', '10.794', '39', 'food_234'), ('235', '珍珠綠茶', '杯', '260', '93.6', '22.88', '0', '0', '10.92', '0', '0', '10.92', '41', 'food_235'), ('236', '凍唂咕(少甜)', '杯', '309', '120.51', '13.596', '4.944', '4.944', '13.287', '0', '55.62', '13.287', '42', 'food_236'), ('237', '白方包', '片', '49', '137.2', '22.54', '4.9', '3.087', '2.107', '1.568', '205.8', '2.107', '22', 'food_237'), ('238', '吞拿魚酥皮卷', '件', '84', '302.4', '25.2', '9.24', '17.64', '3.696', '1.092', '428.4', '3.696', '26', 'food_238'), ('239', '吞拿魚三文治(2片麵包)', '件', '160', '336', '36.8', '16', '13.76', '7.36', '2.56', '672', '7.36', '21', 'food_239'), ('240', '凍咖啡(少甜)', '杯', '337', '128.06', '19.883', '3.37', '4.044', '15.839', '0', '53.92', '15.839', '42', 'food_240'), ('241', '凍杏仁霜(少甜)', '杯', '327', '137.34', '21.582', '3.597', '4.251', '15.369', '0', '52.32', '15.369', '42', 'food_241'), ('242', '凍奶茶(少甜)', '杯', '344', '113.52', '18.576', '3.096', '3.096', '16.512', '0', '55.04', '16.512', '42', 'food_242'), ('243', '凍泡沫咖啡(少甜)', '杯', '316', '126.4', '16.748', '3.476', '5.372', '15.168', '0', '53.72', '15.168', '42', 'food_243'), ('244', '鴛鴦(不加糖)', '杯', '229', '119.08', '11.908', '5.496', '5.267', '10.992', '0', '68.7', '10.992', '41', 'food_244'), ('245', '士多啤梨(中型)', '粒', '12', '3.84', '0.9216', '0.0804', '0.036', '0.5868', '0.24', '0.12', '0.5868', '13', 'food_245'), ('246', '凍檸蜜(少甜)', '杯', '274', '65.76', '14.522', '0', '0', '13.426', '0', '0', '13.426', '42', 'food_246'), ('247', '珍珠奶茶(不加糖）', '杯', '269', '193.68', '32.28', '0.807', '7.263', '13.719', '0', '64.56', '13.719', '41', 'food_247'), ('248', '凍檸檬梳打', '杯', '368', '84.64', '19.872', '0', '0', '19.136', '0', '33.12', '19.136', '44', 'food_248'), ('249', '凍鹹檸檬梳打', '杯', '369', '84.87', '21.402', '0', '0', '19.188', '0', '848.7', '19.188', '44', 'food_249'), ('250', '豬仔包', '件', '74', '214.6', '33.3', '7.4', '5.846', '3.848', '2.664', '266.4', '3.848', '22', 'food_250'), ('251', '鮮榨西瓜汁', '杯', '240', '67.2', '14.88', '1.44', '0', '12.72', '0', '0', '12.72', '43', 'food_251'), ('252', '低脂奶', '杯', '246', '125.46', '13.284', '9.84', '3.936', '13.284', '0', '130.38', '13.284', '39', 'food_252'), ('253', '珍多冰(少甜)', '杯', '340', '238', '30.94', '0', '12.58', '18.36', '0', '44.2', '18.36', '42', 'food_253'), ('254', '凍唂咕(普通)', '杯', '321', '144.45', '18.618', '5.136', '5.457', '17.655', '0', '57.78', '17.655', '42', 'food_254'), ('255', '茅根竹蔗水', '杯', '298', '71.52', '17.582', '0', '0', '16.39', '0', '0', '16.39', '45', 'food_255'), ('256', '蜜梨(不連皮)', '個', '202', '80.8', '18.988', '0.606', '0', '11.11', '3.03', '0', '11.11', '13', 'food_256'), ('257', '朱古力', '杯', '219', '120.45', '17.082', '3.504', '4.161', '12.264', '2.409', '78.84', '12.264', '41', 'food_257'), ('258', '凍西洋菜蜜(少甜)', '杯', '331', '86.06', '20.191', '0', '0', '18.867', '0', '33.1', '18.867', '42', 'food_258'), ('259', '凍鴛鴦(少甜)', '杯', '318', '124.02', '18.762', '4.134', '3.498', '18.126', '0', '44.52', '18.126', '42', 'food_259'), ('260', '番薯糖水', '碗', '314', '200.96', '50.24', '1.2246', '0', '17.898', '4.71', '50.24', '17.898', '31', 'food_260'), ('261', '蒜蓉包', '個', '59', '218.3', '30.68', '6.49', '7.67', '3.363', '1.416', '295', '3.363', '22', 'food_261'), ('262', '番薯(烚熟，去皮)(中型)', '個', '151', '114.76', '26.7572', '2.0687', '0.2114', '8.6674', '3.775', '40.77', '8.6674', '14', 'food_262'), ('263', '凍朱古力(少甜)', '杯', '337', '148.28', '23.59', '4.044', '4.718', '19.546', '0', '80.88', '19.546', '42', 'food_263'), ('264', '凍朱古力咖啡(少甜)', '杯', '326', '172.78', '23.146', '4.564', '7.172', '18.908', '0', '81.5', '18.908', '42', 'food_264'), ('265', '凍杏仁霜(普通)', '杯', '329', '161.21', '28.294', '3.619', '4.277', '19.082', '0', '52.64', '19.082', '42', 'food_265'), ('266', '凍檸檬茶(少甜)', '杯', '277', '77.56', '18.282', '0', '0', '16.066', '0', '0', '16.066', '42', 'food_266'), ('267', '凍珍珠奶茶(普通)', '杯', '339', '220.35', '37.29', '0', '7.119', '19.662', '0', '64.41', '19.662', '42', 'food_267'), ('268', '蜜梨(連皮)', '個', '243', '97.2', '22.599', '0.972', '0', '14.094', '6.075', '0', '14.094', '13', 'food_268'), ('269', '凍珍珠綠茶(普通)', '杯', '348', '135.72', '33.408', '0', '0', '20.532', '0', '0', '20.532', '42', 'food_269'), ('270', '木瓜(小型)', '個', '157', '61.23', '15.4017', '0.9577', '0.2198', '9.263', '2.826', '4.71', '9.263', '13', 'food_270'), ('271', '甜豉油', '湯匙', '18', '7.56', '1.422', '0.45', '0', '1.062', '0', '684', '1.062', '47', 'food_271'), ('272', '凍朱古力(普通)', '杯', '341', '180.73', '30.008', '3.751', '4.774', '21.142', '0', '88.66', '21.142', '42', 'food_272'), ('273', '五花茶', '杯', '282', '81.78', '19.176', '0', '0', '17.766', '0', '0', '17.766', '41', 'food_273'), ('274', '凍咖啡(普通)', '杯', '339', '159.33', '27.12', '3.39', '4.407', '21.357', '0', '54.24', '21.357', '42', 'food_274'), ('275', '腸仔包', '件', '103', '288.4', '31.93', '11.33', '13.39', '6.901', '3.914', '381.1', '6.901', '22', 'food_275'), ('276', '蓮霧(中型)', '個', '120', '42', '9.12', '0.72', '0', '8.04', '1.2', '0', '8.04', '13', 'food_276'), ('277', '豆腐花', '碗', '302', '166.1', '25.972', '6.644', '3.926', '20.234', '0', '0', '20.234', '31', 'food_277'), ('278', '香梨(不連皮)', '個', '86', '42.14', '10.32', '0', '0', '5.762', '1.204', '0', '5.762', '13', 'food_278'), ('279', '凍泡沫咖啡(普通)', '杯', '318', '155.82', '23.532', '3.816', '5.406', '21.624', '0', '54.06', '21.624', '42', 'food_279'), ('280', '腿蛋包', '件', '106', '265', '32.86', '11.66', '9.54', '7.208', '3.816', '275.6', '7.208', '22', 'food_280'), ('281', '馬蹄', '粒', '9', '4.77', '1.08', '0.09', '0', '0.612', '0.099', '0', '0.612', '14', 'food_281'), ('282', '凍檸蜜(普通)', '杯', '274', '84.94', '20.276', '0', '0', '18.906', '0', '0', '18.906', '42', 'food_282'), ('283', '意式沙律醬', '湯匙', '14.7', '46.158', '1.0584', '0.0294', '4.6158', '1.0143', '0', '195.51', '1.0143', '47', 'food_283'), ('284', '菠蘿冰(少甜)', '杯', '337', '134.8', '29.993', '0', '1.348', '23.253', '0', '0', '23.253', '42', 'food_284'), ('285', '凍奶茶(普通)', '杯', '340', '146.2', '28.22', '3.4', '2.38', '23.8', '0', '54.4', '23.8', '42', 'food_285'), ('286', '凍朱古力咖啡(普通)', '杯', '324', '191.16', '27.216', '4.536', '6.804', '22.68', '0', '81', '22.68', '42', 'food_286'), ('287', '凍檸檬金桔蜜(少甜)', '杯', '317', '123.63', '28.213', '0.951', '0', '22.19', '0', '348.7', '22.19', '42', 'food_287'), ('288', '凍西洋菜蜜(普通)', '杯', '335', '103.85', '24.79', '1.005', '0', '23.785', '0', '40.2', '23.785', '42', 'food_288'), ('289', '香梨(連皮)', '個', '109', '54.5', '11.99', '0.327', '0.327', '7.739', '2.834', '0', '7.739', '13', 'food_289'), ('290', '朱古力咖啡', '杯', '219', '148.92', '19.053', '4.599', '5.913', '15.768', '2.409', '89.79', '15.768', '41', 'food_290'), ('291', '柚子', '個', '609', '243.6', '51.765', '4.263', '2.436', '43.848', '7.917', '0', '43.848', '13', 'food_291'), ('292', '珍多冰(普通)', '杯', '336', '258.72', '36.96', '0', '12.768', '24.192', '0', '40.32', '24.192', '42', 'food_292'), ('293', '凍檸樂', '杯', '444', '142.08', '34.632', '0', '0', '32.412', '0', '0', '32.412', '44', 'food_293'), ('294', '啤梨(不連皮)', '個', '203', '101.5', '24.36', '0', '0', '14.819', '4.06', '0', '14.819', '13', 'food_294'), ('295', '啤梨(連皮)', '個', '230', '117.3', '27.6', '0', '0', '17.02', '6.9', '0', '17.02', '13', 'food_295'), ('296', '甜豆漿(凍)', '杯', '313', '165.89', '25.353', '6.26', '4.695', '23.162', '0', '0', '23.162', '45', 'food_296'), ('297', '檸蜜', '杯', '188', '73.32', '16.732', '0', '0.752', '14.1', '0', '0', '14.1', '41', 'food_297'), ('298', '菠蘿賓治(少甜)', '杯', '319', '118.03', '26.477', '0', '1.276', '23.925', '0', '0', '23.925', '42', 'food_298'), ('299', '火龍果(中型)', '個', '350', '196', '33.6', '3.85', '4.9', '26.6', '5.95', '0', '26.6', '13', 'food_299'), ('300', '鮮榨橙汁', '杯', '240', '108', '24', '1.68', '0', '18.48', '0', '0', '18.48', '43', 'food_300'), ('301', '花旗參蜜', '杯', '253', '91.08', '20.999', '0', '0', '19.734', '0', '0', '19.734', '41', 'food_301'), ('302', '凍鴛鴦(普通)', '杯', '319', '162.69', '27.115', '4.785', '4.147', '25.201', '0', '51.04', '25.201', '42', 'food_302'), ('303', '喳咋', '碗', '331', '317.76', '56.27', '11.916', '5.627', '26.149', '11.254', '25.156', '26.149', '31', 'food_303'), ('304', '西洋菜蜜', '杯', '226', '79.1', '18.984', '0', '0', '17.854', '0', '29.38', '17.854', '41', 'food_304'), ('305', '龍眼冰(少甜)', '杯', '353', '158.85', '32.476', '0', '2.824', '27.887', '0', '0', '27.887', '42', 'food_305'), ('306', '凍檸檬茶(普通)', '杯', '270', '124.2', '29.7', '0', '0.81', '21.6', '0', '0', '21.6', '42', 'food_306'), ('307', '凍檸檬金桔蜜(普通)', '杯', '320', '144', '35.2', '0', '0', '25.6', '0', '352', '25.6', '42', 'food_307'), ('308', '蠔油', '湯匙', '18', '14.94', '3.06', '0.54', '0', '1.44', '0', '630', '1.44', '47', 'food_308'), ('309', '薄餅麵包', '片', '115', '299', '35.65', '12.65', '11.5', '9.66', '2.185', '621', '9.66', '22', 'food_309'), ('310', '燒味汁', '湯匙', '15', '9.45', '1.95', '0.255', '0.045', '1.275', '0', '285', '1.275', '47', 'food_310'), ('311', '鮮榨雪梨汁', '杯', '240', '103.2', '24', '0', '0', '21.12', '0', '0', '21.12', '43', 'food_311'), ('312', '檸樂', '杯', '187', '74.8', '17.952', '0', '0', '16.643', '0', '0', '16.643', '44', 'food_312'), ('313', '番石榴', '個', '54.71', '37.2028', '7.834472', '1.395105', '0.519745', '4.880132', '2.95434', '1.0942', '4.880132', '13', 'food_313'), ('314', '青奇異果', '個', '68.84', '41.9924', '10.091944', '0.784776', '0.357968', '6.188716', '2.0652', '2.0652', '6.188716', '13', 'food_314'), ('315', '三色冰(少甜)', '杯', '353', '257.69', '38.83', '3.177', '9.531', '31.77', '3.177', '24.71', '31.77', '42', 'food_315'), ('316', '檸檬金桔蜜', '杯', '210', '107.1', '25.2', '0', '0', '18.9', '0', '273', '18.9', '41', 'food_316'), ('317', '富士蘋果(不連皮)', '個', '155', '77.5', '18.6', '0', '0.465', '14.26', '2.015', '0', '14.26', '13', 'food_317'), ('318', '綠豆沙', '碗', '347', '256.78', '52.05', '8.675', '1.1104', '31.924', '5.552', '0', '31.924', '31', 'food_318'), ('319', '菠蘿賓治(普通)', '杯', '321', '144.45', '31.137', '0', '1.605', '29.853', '0', '0', '29.853', '42', 'food_319'), ('320', '雜果冰(少甜)', '杯', '343', '174.93', '37.73', '0', '2.744', '31.899', '0', '0', '31.899', '42', 'food_320'), ('321', '鮮榨芒果汁', '杯', '240', '112.8', '26.4', '0', '0', '22.32', '0', '0', '22.32', '43', 'food_321'), ('322', '龍眼冰(普通)', '杯', '356', '181.56', '35.6', '0', '2.848', '33.108', '0', '17.8', '33.108', '42', 'food_322'), ('323', '橙(大)', '個', '184', '86.48', '21.62', '1.7296', '0.2208', '17.204', '4.416', '0', '17.204', '13', 'food_323'), ('324', '芝麻糊', '碗', '289', '280.33', '37.57', '4.624', '12.138', '27.166', '4.913', '0', '27.166', '31', 'food_324'), ('325', '雜果賓治(少甜)', '杯', '325', '146.25', '35.75', '0', '0.975', '30.55', '0', '0', '30.55', '42', 'food_325'), ('326', '紅豆冰(少甜)', '杯', '352', '264', '49.28', '8.448', '3.52', '33.44', '7.392', '31.68', '33.44', '42', 'food_326'), ('327', '柚子茶', '杯', '336', '151.2', '36.96', '0', '0', '32.256', '0', '63.84', '32.256', '41', 'food_327'), ('328', '雜果冰(普通)', '杯', '343', '185.22', '37.73', '0', '2.744', '32.928', '0', '0', '32.928', '42', 'food_328'), ('329', '雜果賓治(普通)', '杯', '320', '153.6', '38.4', '0', '0.96', '31.36', '0', '0', '31.36', '42', 'food_329'), ('330', '植脂淡奶', '杯', '257', '308.4', '28.27', '15.163', '15.677', '25.443', '0', '334.1', '25.443', '39', 'food_330'), ('331', '青蘋果(不連皮)', '個', '125', '57.5', '13.75', '0.375', '0.375', '12.375', '2.5', '0', '12.375', '13', 'food_331'), ('332', '青蘋果(連皮)', '個', '145', '66.7', '15.95', '0.435', '0.435', '14.355', '4.06', '0', '14.355', '13', 'food_332'), ('333', '布冧', '個', '66', '30.36', '7.5372', '0.462', '0.1848', '6.5472', '0.924', '0', '6.5472', '13', 'food_333'), ('334', '三色冰(普通)', '杯', '355', '276.9', '42.6', '3.195', '9.94', '35.5', '3.905', '28.4', '35.5', '42', 'food_334'), ('335', '牛油排包', '件', '276', '855.6', '129.72', '30.36', '23.736', '27.6', '10.212', '386.4', '27.6', '22', 'food_335'), ('336', '牛脷酥', '件', '141', '521.7', '71.91', '11.562', '21.15', '14.1', '1.833', '183.3', '14.1', '27', 'food_336'), ('337', '紅豆沙', '碗', '239', '224.66', '45.41', '8.604', '0.8604', '23.9', '6.931', '0', '23.9', '31', 'food_337'), ('338', '肉鬆包', '件', '89', '293.7', '40.05', '11.57', '9.79', '8.9', '3.471', '311.5', '8.9', '22', 'food_338'), ('339', '菠蘿包', '件', '82', '287', '45.1', '7.052', '9.02', '8.2', '1.394', '82', '8.2', '22', 'food_339'), ('340', '英式喼汁', '湯匙', '17', '13.26', '3.3082', '0', '0', '1.7051', '0', '166.6', '1.7051', '47', 'food_340'), ('341', '墨西哥包', '件', '89', '320.4', '43.61', '8.188', '12.46', '9.79', '1.513', '115.7', '9.79', '22', 'food_341'), ('342', '奶油多(2片麵包)', '份', '148', '503.2', '68.08', '13.468', '19.24', '16.28', '6.068', '592', '16.28', '23', 'food_342'), ('343', '富士蘋果(連皮)', '個', '180', '91.8', '21.6', '0', '0.72', '19.8', '3.06', '0', '19.8', '13', 'food_343'), ('344', '栗子包', '件', '125', '375', '53.75', '10', '12.5', '13.75', '6.5', '150', '13.75', '22', 'food_344'), ('345', '楊枝甘露', '碗', '259', '214.97', '38.85', '1.036', '5.439', '28.49', '0', '28.49', '28.49', '31', 'food_345'), ('346', '紅豆冰(普通)', '杯', '329', '266.49', '49.35', '7.896', '3.619', '36.19', '6.251', '32.9', '36.19', '42', 'food_346'), ('347', '菠蘿冰(普通)', '杯', '339', '172.89', '40.68', '0', '1.356', '37.29', '0', '0', '37.29', '42', 'food_347'), ('348', '酸梅湯', '杯', '309', '151.41', '33.99', '0', '0', '33.99', '0', '0', '33.99', '45', 'food_348'), ('349', '法式沙律醬', '湯匙', '15.6', '41.184', '1.8252', '0.0156', '3.7128', '1.7784', '0', '285.48', '1.7784', '47', 'food_349'), ('350', '占醬多(2片麵包)', '份', '146', '481.8', '68.62', '16.06', '16.06', '17.52', '7.592', '554.8', '17.52', '23', 'food_350'), ('351', '叉燒餐包', '件', '114', '319.2', '44.46', '10.716', '11.286', '13.68', '1.596', '330.6', '13.68', '22', 'food_351'), ('352', '奶昔', '杯', '302', '332.2', '42.28', '3.926', '15.704', '36.24', '0', '123.82', '36.24', '39', 'food_352'), ('353', '提子包', '件', '68', '210.8', '35.36', '6.392', '4.896', '8.16', '2.04', '58.48', '8.16', '22', 'food_353'), ('354', '蛇果(不連皮)', '個', '142', '75.26', '17.04', '0', '0.426', '17.04', '2.414', '0', '17.04', '13', 'food_354'), ('355', '蛇果(連皮)', '個', '180', '97.2', '21.6', '0', '0.72', '21.6', '4.32', '0', '21.6', '13', 'food_355'), ('356', '香蕉(中型)', '條', '118', '105.02', '26.9512', '1.2862', '0.3894', '14.4314', '3.068', '1.18', '14.4314', '13', 'food_356'), ('357', '椰絲奶油包', '件', '93', '362.7', '41.85', '7.44', '17.67', '12.09', '1.674', '176.7', '12.09', '22', 'food_357'), ('358', '芒果布甸', '份', '183', '168.36', '29.28', '4.026', '4.026', '23.79', '2.196', '53.07', '23.79', '32', 'food_358'), ('359', '忌廉梳打汽水(473ml)', '罐', '494', '251.94', '65.702', '0', '0', '65.702', '0', '59.28', '65.702', '44', 'food_359'), ('360', '吞拿魚包', '件', '110', '319', '39.6', '12.1', '13.2', '15.4', '1.54', '253', '15.4', '22', 'food_360'), ('361', '忌廉包', '個', '105', '294', '45.15', '7.665', '9.03', '14.7', '1.26', '157.5', '14.7', '22', 'food_361'), ('362', '提子(不連皮)', '杯', '150', '102', '24', '0.9', '0.6', '21', '0', '0', '21', '13', 'food_362'), ('363', '提子(連皮)', '杯', '150', '103.5', '22.5', '0.9', '0.9', '21', '0', '0', '21', '13', 'food_363'), ('364', '椰汁馬豆糕', '件', '85', '110.5', '15.3', '3.315', '4.08', '11.9', '1.275', '13.6', '11.9', '33', 'food_364'), ('365', '千島沙律醬', '湯匙', '15.6', '60.528', '2.5896', '0.156', '5.4912', '2.2932', '0.2184', '135.72', '2.2932', '47', 'food_365'), ('366', '芒果', '個', '207', '134.55', '35.19', '1.0557', '0.5589', '30.636', '3.726', '4.14', '30.636', '13', 'food_366'), ('367', '朱古力慕絲', '杯', '404', '909', '64.9228', '16.7256', '64.64', '59.8324', '2.424', '153.52', '59.8324', '32', 'food_367'), ('368', '大蕉(中型)', '條', '179', '218.38', '57.0831', '2.327', '0.6623', '26.85', '4.117', '7.16', '26.85', '13', 'food_368'), ('369', '蓮蓉水晶包', '件', '37', '85.1', '14.43', '0.777', '2.96', '5.55', '0.888', '2.59', '5.55', '16', 'food_369'), ('370', '蛋撻', '件', '70', '217', '23.1', '4.06', '11.9', '10.5', '0', '119', '10.5', '33', 'food_370'), ('371', '豆沙鍋餅', '件', '134', '428.8', '52.26', '8.04', '21.44', '20.1', '3.484', '32.16', '20.1', '33', 'food_371'), ('372', '荔枝', '粒', '9.6', '6.336', '1.58688', '0.07968', '0.04224', '1.46208', '0.1248', '0.096', '1.46208', '13', 'food_372'), ('373', '菠蘿紅豆包', '件', '118', '377.6', '59', '9.912', '11.092', '18.88', '3.776', '74.34', '18.88', '22', 'food_373'), ('374', '雞尾包', '個', '90', '360', '42.3', '7.47', '17.1', '14.4', '1.98', '216', '14.4', '22', 'food_374'), ('375', '紅豆包', '件', '125', '362.5', '61.25', '10.25', '8.125', '21.25', '4.625', '80', '21.25', '22', 'food_375'), ('376', '豆沙水晶包', '件', '39', '81.9', '15.99', '0.702', '1.833', '7.02', '0.936', '0', '7.02', '16', 'food_376'), ('377', '軟雪糕(不連筒)', '份', '104', '156', '23.92', '3.016', '5.2', '18.72', '0', '68.64', '18.72', '32', 'food_377'), ('378', '果汁雪條或管冰', '條', '60', '44.4', '11.22', '0.12', '0.06', '11.22', '0', '3.6', '11.22', '32', 'food_378'), ('379', '小蛋撻', '件', '26', '83.2', '9.1', '1.352', '4.68', '4.94', '0.26', '17.68', '4.94', '33', 'food_379'), ('380', '芝士蛋糕', '件', '126', '403.2', '37.8', '9.576', '23.94', '23.94', '0', '264.6', '23.94', '34', 'food_380'), ('381', '瑞士卷', '件', '201', '743.7', '72.36', '15.477', '42.21', '40.2', '2.814', '361.8', '40.2', '34', 'food_381'), ('382', '紙包蛋糕', '件', '72', '237.6', '28.8', '6.552', '10.8', '14.4', '0.864', '72', '14.4', '34', 'food_382'), ('383', '雪糕', '杓', '73', '131.4', '16.79', '2.628', '6.278', '15.33', '0', '39.42', '15.33', '32', 'food_383'), ('384', '椰絲撻', '件', '80', '368', '33.6', '4.4', '24', '17.6', '2.4', '144', '17.6', '33', 'food_384'), ('385', '雪芳蛋糕', '件', '77', '269.5', '32.34', '6.391', '13.09', '16.94', '1.155', '161.7', '16.94', '34', 'food_385'), ('386', '茄汁', '湯匙', '15', '14.55', '3.7725', '0.261', '0.0465', '3.4155', '0.045', '167.1', '3.4155', '47', 'food_386'), ('387', '班戟(加牛油及糖漿)', '片', '132', '409.2', '59.4', '6.6', '15.84', '31.68', '1.32', '435.6', '31.68', '28', 'food_387'), ('388', '雜款西餅', '件', '76', '250.8', '26.6', '4.484', '13.68', '18.24', '1.064', '121.6', '18.24', '34', 'food_388'), ('389', '淨牛油蛋糕', '件', '56', '235.2', '25.2', '3.752', '13.44', '14.56', '0', '168', '14.56', '34', 'food_389'), ('390', '鬆餅', '件', '81', '315.9', '38.88', '5.427', '15.39', '21.06', '1.458', '259.2', '21.06', '34', 'food_390'), ('391', '芝麻糖', '顆', '12', '61.2', '5.64', '1.8', '3.48', '4.08', '0.588', '1.2', '4.08', '29', 'food_391'), ('392', '鳥結糖', '顆', '12', '51.6', '8.16', '0.852', '1.68', '4.8', '0.348', '8.04', '4.8', '29', 'food_392'), ('393', '花生酥糖', '顆', '22', '105.6', '12.76', '2.86', '4.84', '10.34', '0.616', '1.1', '10.34', '29', 'food_393'), ('394', '果醬', '湯匙', '20', '55.6', '13.772', '0.074', '0.014', '9.7', '0.22', '6.4', '9.7', '13', 'food_394'), ('395', '拖肥糖', '粒', '12', '56.4', '8.16', '0.444', '2.52', '5.88', '0.168', '22.8', '5.88', '29', 'food_395'), ('396', '啫喱', '湯匙', '20.52', '54.5832', '14.35374', '0.03078', '0.004104', '10.510344', '0.2052', '6.156', '10.510344', '32', 'food_396'), ('397', '爆谷(焦糖面層) (約2/3杯)', '份', '28.35', '122.1885', '22.42485', '1.0773', '3.6288', '15.079365', '1.4742', '58.401', '15.079365', '28', 'food_397'), ('398', '棉花糖(迷你型)', '粒', '0.7', '2.226', '0.5691', '0.0126', '0.0014', '0.40292', '0.0007', '0.56', '0.40292', '29', 'food_398'), ('399', '橡皮糖', '粒', '3.6', '14.256', '3.5604', '0', '0', '2.12292', '0.0036', '1.584', '2.12292', '29', 'food_399'), ('400', '硬糖', '粒', '6', '23.64', '5.88', '0', '0.012', '3.774', '0', '2.28', '3.774', '29', 'food_400'), ('401', '香口膠', '塊', '3', '10.8', '2.901', '0', '0.009', '1.9824', '0.072', '0.03', '1.9824', '30', 'food_401'), ('402', '蜜糖', '湯匙', '21', '63.84', '17.304', '0.063', '0', '17.2452', '0.042', '0.84', '17.2452', '47', 'food_402'), ('403', '砂糖', '茶匙', '4.2', '16.254', '4.19916', '0', '0', '4.1916', '0', '0.042', '4.1916', '47', 'food_403'), ('404', '白飯(蒸)', '碗', '200', '302', '0.1', '6.4', '0.54', '0.1', '1.8', '0', '10', '1', 'food_404'), ('405', '甘筍(中型)', '條', '61', '25.01', '5.84', '0.57', '0.15', '2.89', '1.71', '0', '42.09', '14', 'food_405'), ('406', '西芹(中型)', '棵', '40', '6.4', '1.19', '0.28', '0.07', '0.73', '0.64', '0', '32', '14', 'food_406');
COMMIT;

-- ----------------------------
--  Table structure for `FOOD_CATEGORIES`
-- ----------------------------
DROP TABLE IF EXISTS `FOOD_CATEGORIES`;
CREATE TABLE `FOOD_CATEGORIES` (
  `FOOD_CATE_ID` int(2) NOT NULL,
  `FOOD_CATE_NAME` mediumtext CHARACTER SET utf8 COLLATE utf8_unicode_ci NOT NULL,
  PRIMARY KEY (`FOOD_CATE_ID`)
) ENGINE=InnoDB DEFAULT CHARSET=utf8;

-- ----------------------------
--  Records of `FOOD_CATEGORIES`
-- ----------------------------
BEGIN;
INSERT INTO `FOOD_CATEGORIES` VALUES ('1', '粥飯'), ('2', '粉麵'), ('3', '蔬果'), ('4', '中式點心 '), ('5', '麵包'), ('6', '即食食物'), ('7', '小食'), ('8', '甜品'), ('9', '蛋及肉類'), ('10', '奶品類'), ('11', '早餐榖類食品'), ('12', '飲品'), ('13', '調味料');
COMMIT;

-- ----------------------------
--  Table structure for `FOOD_SUB_CATEGORIES`
-- ----------------------------
DROP TABLE IF EXISTS `FOOD_SUB_CATEGORIES`;
CREATE TABLE `FOOD_SUB_CATEGORIES` (
  `FOOD_SUB_CATE_ID` int(3) NOT NULL,
  `FOOD_SUB_CATE_NAME` mediumtext CHARACTER SET utf8 COLLATE utf8_unicode_ci NOT NULL,
  `FOOD_CATE_ID` int(2) DEFAULT NULL,
  PRIMARY KEY (`FOOD_SUB_CATE_ID`)
) ENGINE=InnoDB DEFAULT CHARSET=utf8;

-- ----------------------------
--  Records of `FOOD_SUB_CATEGORIES`
-- ----------------------------
BEGIN;
INSERT INTO `FOOD_SUB_CATEGORIES` VALUES ('1', '湯飯', '1'), ('2', '客飯', '1'), ('3', '炒飯', '1'), ('4', '粥', '1'), ('5', '燒味飯', '1'), ('6', '焗飯', '1'), ('7', '蒸飯', '1'), ('8', '炒麵', '2'), ('9', '湯麵', '2'), ('10', '炆米粉', '2'), ('11', '焗意粉', '2'), ('12', '即食麵', '2'), ('13', '水果', '3'), ('14', '蔬菜 ', '3'), ('15', '蒸點', '4'), ('16', '包點', '4'), ('17', '腸粉', '4'), ('18', '酥點', '4'), ('19', '炸點', '4'), ('20', '煎點', '4'), ('21', '三文治', '5'), ('22', '包', '5'), ('23', '多士', '5'), ('24', '印度食品', '6'), ('25', '中式食品', '6'), ('26', '酥皮', '7'), ('27', '炸物', '7'), ('28', '其他', '7'), ('29', '糖果', '7'), ('30', '香口膠', '7'), ('31', '中式糖水', '8'), ('32', '其他', '8'), ('33', '中式甜品', '8'), ('34', '蛋糕', '8'), ('35', '蛋類', '9'), ('36', '肉類', '9'), ('38', '芝士類', '10'), ('39', '牛奶類', '10'), ('40', '麥皮', '11'), ('41', '熱飲', '12'), ('42', '凍飲', '12'), ('43', '果汁', '12'), ('44', '碳酸飲料', '12'), ('45', '其他', '12'), ('46', '油', '13'), ('47', '醬料', '13');
COMMIT;

-- ----------------------------
--  Table structure for `SYNC_DATA_VERSION`
-- ----------------------------
DROP TABLE IF EXISTS `SYNC_DATA_VERSION`;
CREATE TABLE `SYNC_DATA_VERSION` (
  `TABLE` varchar(30) NOT NULL,
  `VERSION` int(11) NOT NULL DEFAULT '0',
  PRIMARY KEY (`TABLE`)
) ENGINE=InnoDB DEFAULT CHARSET=latin1;

-- ----------------------------
--  Records of `SYNC_DATA_VERSION`
-- ----------------------------
BEGIN;
INSERT INTO `SYNC_DATA_VERSION` VALUES ('EXERCISE_TYPE', '1'), ('FOOD', '1'), ('FOOD_CATEGORIES', '1'), ('FOOD_SUB_CATEGORIES', '1');
COMMIT;

SET FOREIGN_KEY_CHECKS = 1;
